url,image,name,price,brand,star,num_reviews
https://www.stylevana.com/en_US/haruharu-wonder-black-rice-hyaluronic-toner-fragrance-free-300ml29892.html,https://sv9-cdn.stylevana.com/media/catalog/product/cache/7e00eb21d3013c69d32459d0d98e2fbf/h/a/haruharu-wonder-black-rice-hyaluronic-toner-fragrance-free-300ml-318.jpg,haruharu wonder - Black Rice Hyaluronic Toner - Fragrance Free - 300ml,$19.20,haruharu wonder,4.8,56
https://www.stylevana.com/en_US/haruharu-wonder-black-rice-hyaluronic-toner-fragrance-free-150ml29899.html,https://sv9-cdn.stylevana.com/media/catalog/product/cache/7e00eb21d3013c69d32459d0d98e2fbf/h/a/haruharu-wonder-black-rice-hyaluronic-toner-fragrance-free-150ml-877.jpg,haruharu wonder - Black Rice Hyaluronic Toner - Fragrance Free - 150ml,$9.99,haruharu wonder,4.6,963
https://www.stylevana.com/en_US/rohto-mentholatum-hada-labo-shirojyun-premium-whitening-lotion-170ml-moist-japan-version-170ml30419.html,https://sv9-cdn.stylevana.com/media/catalog/product/cache/7e00eb21d3013c69d32459d0d98e2fbf/r/o/rohto-mentholatum-hada-labo-shirojyun-premium-whitening-lotion-170ml-moist-japan-version-170ml-2021-version-774.jpg,Rohto Mentholatum  - Hada Labo - Shirojyun Premium Whitening Lotion 170ml - Moist (Japan Version) - 170ml,$14.49,Rohto Mentholatum,4.5,65
https://www.stylevana.com/en_US/ishizawa-lab-sukoyaka-suhada-urea-moisturising-toner-200ml30053.html,https://sv9-cdn.stylevana.com/media/catalog/product/cache/7e00eb21d3013c69d32459d0d98e2fbf/i/s/ishizawa-lab-sukoyaka-suhada-urea-moisturising-toner-200ml-992.jpg,Ishizawa-Lab - Sukoyaka Suhada Urea Moisturising Toner - 200ml,$26.69,Ishizawa-Lab,4.8,5
https://www.stylevana.com/en_US/skin1004-madagascar-centella-probio-cica-essence-toner-210ml31050.html,https://sv9-cdn.stylevana.com/media/catalog/product/cache/7e00eb21d3013c69d32459d0d98e2fbf/s/k/skin1004-madagascar-centella-probio-cica-essence-toner-210ml-752.jpg,SKIN1004 - Madagascar Centella Probio-Cica Essence Toner - 210ml,$15.19,SKIN1004,NA,0
https://www.stylevana.com/en_US/purito-seoul-wonder-releaf-centella-toner-unscented-200ml30781.html,https://sv9-cdn.stylevana.com/media/catalog/product/cache/7e00eb21d3013c69d32459d0d98e2fbf/p/u/purito-wonder-releaf-centella-toner-unscented-200ml-113.jpg,Purito SEOUL - Wonder Releaf Centella Toner Unscented - 200ml,$17.71,Purito SEOUL,4.9,26
https://www.stylevana.com/en_US/celimax-the-real-noni-energy-ampoule-mist-50ml21555.html,https://sv9-cdn.stylevana.com/media/catalog/product/cache/7e00eb21d3013c69d32459d0d98e2fbf/c/e/celimax-the-real-noni-energy-ampoule-mist-50ml-837.jpg,CELIMAX - The Real Noni Energy Ampoule Mist - 50ml,$16.27,CELIMAX,5.0,4
https://www.stylevana.com/en_US/eqqualberry-swimming-pool-daily-facial-toner-155ml29737.html,https://sv9-cdn.stylevana.com/media/catalog/product/cache/7e00eb21d3013c69d32459d0d98e2fbf/e/q/eqqualberry-swimming-pool-daily-facial-toner-155ml-639.jpg,EQQUALBERRY - Swimming Pool Daily Facial Toner - 155ml,$14.99,EQQUALBERRY,NA,0
https://www.stylevana.com/en_US/dear-klairs-supple-preparation-unscented-toner.html,https://sv9-cdn.stylevana.com/media/catalog/product/cache/7e00eb21d3013c69d32459d0d98e2fbf/d/e/dear-klairs-supple-preparation-unscented-toner-180ml-937.jpg,"Dear, Klairs - Supple Preparation Unscented Toner",$20.29,"Dear, Klairs",NA,0
https://www.stylevana.com/en_US/cosrx-aha-bha-clarifying-treatment-toner-150ml29510.html,https://sv9-cdn.stylevana.com/media/catalog/product/cache/7e00eb21d3013c69d32459d0d98e2fbf/c/o/cosrx-aha-bha-clarifying-treatment-toner-150ml-956.jpg,COSRX - AHA/BHA Clarifying Treatment Toner 150ml,$15.19,COSRX,4.5,176
https://www.stylevana.com/en_US/laneige-cream-skin-cerapeptide-refiner-50ml30297.html,https://sv9-cdn.stylevana.com/media/catalog/product/cache/7e00eb21d3013c69d32459d0d98e2fbf/l/a/laneige-cream-skin-cerapeptide-refiner-50ml-839.jpg,LANEIGE - Cream Skin Cerapeptide Refiner - 50ml,$8.09,LANEIGE,4.7,12
https://www.stylevana.com/en_US/genabelle-pdrn-rejuvenating-toner-300ml29851.html,https://sv9-cdn.stylevana.com/media/catalog/product/cache/7e00eb21d3013c69d32459d0d98e2fbf/g/e/genabelle-pdrn-rejuvenating-toner-300ml-861.jpg,Genabelle - PDRN Rejuvenating Toner - 300ml,$24.00,Genabelle,5.0,10
https://www.stylevana.com/en_US/some-by-mi-aha-bha-pha-30-days-miracle-toner-30ml31136.html,https://sv9-cdn.stylevana.com/media/catalog/product/cache/7e00eb21d3013c69d32459d0d98e2fbf/s/o/some-by-mi-aha-bha-pha-30-days-miracle-toner-30ml-449.jpg,SOME BY MI - AHA-BHA-PHA 30 Days Miracle Toner - 30ml,$4.87,SOME BY MI,4.5,11
https://www.stylevana.com/en_US/skin1004-madagascar-centella-hyalu-cica-cloudy-mist-120ml21793.html,https://sv9-cdn.stylevana.com/media/catalog/product/cache/7e00eb21d3013c69d32459d0d98e2fbf/s/k/skin1004-madagascar-centella-hyalu-cica-cloudy-mist-120ml-73.jpg,SKIN1004 - Madagascar Centella Hyalu-Cica Cloudy Mist - 120ml,$14.11,SKIN1004,3.7,23
https://www.stylevana.com/en_US/acwell-licorice-ph-balancing-cleansing-toner-150ml29189.html,https://sv9-cdn.stylevana.com/media/catalog/product/cache/7e00eb21d3013c69d32459d0d98e2fbf/a/c/acwell-licorice-ph-balancing-cleansing-toner-150ml-31.jpg,ACWELL - Licorice pH Balancing Cleansing Toner - 150ml,$18.00,ACWELL,4.5,26
https://www.stylevana.com/en_US/anua-heartleaf-77-soothing-toner-500ml29229.html,https://sv9-cdn.stylevana.com/media/catalog/product/cache/7e00eb21d3013c69d32459d0d98e2fbf/a/n/anua-heartleaf-77-soothing-toner-500ml-361.jpg,ANUA - Heartleaf 77% Soothing Toner - 500ml,$32.28,ANUA,4.7,59
https://www.stylevana.com/en_US/i-m-from-rice-toner-30ml29978.html,https://sv9-cdn.stylevana.com/media/catalog/product/cache/7e00eb21d3013c69d32459d0d98e2fbf/i/-/i-m-from-rice-toner-30ml-391.jpg,I'm From - Rice Toner - 30ml,$5.60,I'm From,4.6,79
https://www.stylevana.com/en_US/cosrx-full-fit-propolis-synergy-toner-150ml29502.html,https://sv9-cdn.stylevana.com/media/catalog/product/cache/7e00eb21d3013c69d32459d0d98e2fbf/c/o/cosrx-full-fit-propolis-synergy-toner-150ml-793.jpg,COSRX - Full Fit Propolis Synergy Toner - 150ml,$16.71,COSRX,4.6,216
https://www.stylevana.com/en_US/isntree-green-tea-fresh-toner.html,https://sv9-cdn.stylevana.com/media/catalog/product/cache/7e00eb21d3013c69d32459d0d98e2fbf/i/s/isntree-green-tea-fresh-toner-200ml-548.jpg,Isntree - Green Tea Fresh Toner,$16.20,Isntree,4.7,572
https://www.stylevana.com/en_US/anua-rice-70-glow-milky-toner-40ml29215.html,https://sv9-cdn.stylevana.com/media/catalog/product/cache/7e00eb21d3013c69d32459d0d98e2fbf/a/n/anua-rice-70-glow-milky-toner-40ml-117.jpg,ANUA - Rice 70 Glow Milky Toner - 40ml,$5.29,ANUA,4.9,10
https://www.stylevana.com/en_US/numbuz-n-no-3-super-glowing-essence-toner-200ml.html,https://sv9-cdn.stylevana.com/media/catalog/product/cache/7e00eb21d3013c69d32459d0d98e2fbf/n/u/numbuzin-no-3-super-glowing-essence-toner-200ml-865.jpg,numbuz:n - No.3 Super Glowing Essence Toner - 200ml,$19.10,numbuzin,4.4,129
https://www.stylevana.com/en_US/skin1004-madagascar-centella-toning-toner-210ml31064.html,https://sv9-cdn.stylevana.com/media/catalog/product/cache/7e00eb21d3013c69d32459d0d98e2fbf/s/k/skin1004-madagascar-centella-toning-toner-210ml-817.jpg,SKIN1004 - Madagascar Centella Toning Toner - 210ml,$14.11,SKIN1004,4.8,61
https://www.stylevana.com/en_US/anua-heartleaf-77-soothing-toner-mini-size-40ml29231.html,https://sv9-cdn.stylevana.com/media/catalog/product/cache/7e00eb21d3013c69d32459d0d98e2fbf/a/n/anua-heartleaf-77-soothing-toner-mini-size-40ml-391.jpg,ANUA - Heartleaf 77% Soothing Toner (Mini Size) - 40ml,$5.29,ANUA,4.6,85
https://www.stylevana.com/en_US/celimax-dual-barrier-creamy-toner-150ml29498.html,https://sv9-cdn.stylevana.com/media/catalog/product/cache/7e00eb21d3013c69d32459d0d98e2fbf/c/e/celimax-dual-barrier-creamy-toner-150ml-502.jpg,CELIMAX - Dual Barrier Creamy Toner - 150ml,$19.53,CELIMAX,4.6,25
https://www.stylevana.com/en_US/beauty-of-joseon-green-plum-refreshing-toner-aha-bha-150ml29427.html,https://sv9-cdn.stylevana.com/media/catalog/product/cache/7e00eb21d3013c69d32459d0d98e2fbf/b/e/beauty-of-joseon-green-plum-refreshing-toner-aha-bha-150ml-410.jpg,BEAUTY OF JOSEON - Green Plum Refreshing Toner : AHA + BHA - 150ml,$17.58,BEAUTY OF JOSEON,4.2,39
https://www.stylevana.com/en_US/anua-rice-70-glow-milky-toner-250ml29217.html,https://sv9-cdn.stylevana.com/media/catalog/product/cache/7e00eb21d3013c69d32459d0d98e2fbf/a/n/anua-rice-70-glow-milky-toner-250ml-906.jpg,ANUA - Rice 70 Glow Milky Toner - 250ml,$21.00,ANUA,4.6,29
https://www.stylevana.com/en_US/some-by-mi-aha-bha-pha-30-days-miracle-toner-150ml31146.html,https://sv9-cdn.stylevana.com/media/catalog/product/cache/7e00eb21d3013c69d32459d0d98e2fbf/s/o/some-by-mi-aha-bha-pha-30-days-miracle-toner-150ml--603.jpg,SOME BY MI - AHA-BHA-PHA 30 Days Miracle Toner - 150ml,$15.71,SOME BY MI,4.6,272
https://www.stylevana.com/en_US/tirtir-milk-skin-toner-20ml31255.html,https://sv9-cdn.stylevana.com/media/catalog/product/cache/7e00eb21d3013c69d32459d0d98e2fbf/t/i/tirtir-milk-skin-toner-20ml-196.jpg,TirTir - Milk Skin Toner - 20ml,$3.04,TirTir,3.9,17
https://www.stylevana.com/en_US/round-lab-1025-dokdo-toner.html,https://sv9-cdn.stylevana.com/media/catalog/product/cache/7e00eb21d3013c69d32459d0d98e2fbf/r/o/round-lab-1025-dokdo-toner-437.jpg,Round Lab - 1025 Dokdo Toner,$8.00,Round Lab,NA,0
https://www.stylevana.com/en_US/eqqualberry-swimming-pool-daily-facial-toner-300ml29738.html,https://sv9-cdn.stylevana.com/media/catalog/product/cache/7e00eb21d3013c69d32459d0d98e2fbf/e/q/eqqualberry-swimming-pool-daily-facial-toner-300ml-690.jpg,EQQUALBERRY - Swimming Pool Daily Facial Toner - 300ml,$21.99,EQQUALBERRY,NA,0
https://www.stylevana.com/en_US/anua-heartleaf-77-soothing-toner-250ml29232.html,https://sv9-cdn.stylevana.com/media/catalog/product/cache/7e00eb21d3013c69d32459d0d98e2fbf/a/n/anua-heartleaf-77-soothing-toner-250ml-672.jpg,ANUA - Heartleaf 77% Soothing Toner - 250ml,$21.00,ANUA,4.4,225
https://www.stylevana.com/en_US/tirtir-milk-skin-toner-150ml31263.html,https://sv9-cdn.stylevana.com/media/catalog/product/cache/7e00eb21d3013c69d32459d0d98e2fbf/t/i/tirtir-milk-skin-toner-150ml-359.jpg,TirTir - Milk Skin Toner - 150ml,$21.70,TirTir,4.6,112
https://www.stylevana.com/en_US/tonymoly-wonder-ceramide-mochi-toner-500ml31307.html,https://sv9-cdn.stylevana.com/media/catalog/product/cache/7e00eb21d3013c69d32459d0d98e2fbf/t/o/tonymoly-wonder-ceramide-mocchi-toner-500ml-802.jpg,TONYMOLY - Wonder Ceramide Mochi Toner - 500ml,$13.19,TONYMOLY,4.8,99
https://www.stylevana.com/en_US/beauty-of-joseon-glow-replenishing-rice-milk-150ml29415.html,https://sv9-cdn.stylevana.com/media/catalog/product/cache/7e00eb21d3013c69d32459d0d98e2fbf/b/e/beauty-of-joseon-glow-replenishing-rice-milk-150ml-652.jpg,BEAUTY OF JOSEON - Glow Replenishing Rice Milk - 150ml,$17.58,BEAUTY OF JOSEON,4.6,20
https://www.stylevana.com/en_US/pyunkang-yul-essence-toner.html,,Pyunkang Yul  - Essence Toner,$15.18,Pyunkang Yul,4.7,245
